data,temp_max,temp_min,temp_media,prec,umid_max,umid_min,umid_media,vento_max,vento_media
2010-01-03,38.3,7.9,23.852,271.6,100.0,19.0,74.121,21.5,3.102
2010-01-10,40.8,5.7,23.571,286.314,100.0,14.0,73.581,28.8,2.945
2010-01-17,41.5,11.2,23.886,338.457,100.0,7.0,74.471,21.9,2.853
2010-01-24,41.2,6.8,23.673,347.971,100.0,12.0,73.571,22.6,2.868
2010-01-31,39.7,7.9,23.898,274.086,100.0,21.0,73.99,28.0,2.733
2010-02-07,41.2,8.0,24.056,284.457,100.0,15.0,74.102,27.9,2.744
2010-02-14,39.0,8.3,23.617,238.743,100.0,14.0,74.197,23.0,2.629
2010-02-21,41.0,8.3,23.228,297.743,100.0,14.0,75.909,27.9,2.688
2010-02-28,38.7,6.0,23.028,307.371,100.0,17.0,76.319,24.5,2.501
2010-03-07,40.3,7.8,22.32,303.371,100.0,17.0,74.356,29.3,2.611
2010-03-14,38.2,9.0,22.157,317.543,100.0,16.0,76.853,23.6,2.458
2010-03-21,40.6,4.2,21.44,271.6,100.0,10.0,74.902,26.7,2.581
2010-03-28,36.8,6.4,20.558,299.743,100.0,18.0,77.043,22.8,2.728
2010-04-04,35.4,2.5,20.709,244.743,100.0,10.0,76.514,21.9,2.53
2010-04-11,35.9,5.2,20.491,262.343,100.0,17.0,76.639,27.5,2.42
2010-04-18,34.8,3.4,19.73,316.657,100.0,15.0,76.898,23.5,2.539
2010-04-25,35.1,3.9,19.373,284.657,100.0,18.0,77.851,23.4,2.288
2010-05-02,38.8,2.8,17.937,336.371,100.0,12.0,77.88,24.3,2.393
2010-05-09,36.2,2.1,17.287,239.914,100.0,21.0,79.314,22.7,2.309
2010-05-16,36.5,2.0,16.44,225.943,100.0,10.0,81.09,21.5,2.296
2010-05-23,34.3,-0.4,15.425,257.943,100.0,15.0,81.394,26.3,2.343
2010-05-30,37.2,0.5,15.603,368.057,100.0,24.0,83.167,22.8,2.319
2010-06-06,36.2,-1.0,14.43,284.914,100.0,17.0,80.562,26.3,2.233
2010-06-13,34.6,-3.8,13.812,226.143,100.0,22.0,80.712,21.5,2.226
2010-06-20,36.5,-2.5,14.469,170.314,100.0,10.0,79.361,25.6,2.392
2010-06-27,35.3,-2.4,13.972,299.314,100.0,9.0,81.055,23.1,2.47
2010-07-04,35.6,-4.0,14.193,244.429,100.0,11.0,81.059,25.2,2.522
2010-07-11,33.7,-4.5,13.498,212.429,100.0,15.0,78.463,26.6,2.632
2010-07-18,30.9,-1.9,14.026,380.686,100.0,16.0,79.772,24.0,2.498
2010-07-25,33.9,-3.5,13.033,380.857,100.0,10.0,79.091,26.1,2.589
2010-08-01,33.8,-2.8,13.732,211.057,100.0,7.0,78.34,21.4,2.5
2010-08-08,34.8,-2.9,14.253,185.429,100.0,16.0,77.605,27.6,2.585
2010-08-15,32.8,-1.5,14.707,230.657,100.0,14.0,77.277,27.3,2.879
2010-08-22,35.6,-2.7,14.766,203.4,100.0,12.0,76.309,25.2,2.772
2010-08-29,35.4,-4.3,15.062,220.571,100.0,11.0,74.535,22.8,2.838
2010-09-05,35.7,-3.3,15.852,340.2,100.0,12.0,76.131,21.8,2.823
2010-09-12,36.1,0.3,16.04,325.314,100.0,12.0,78.326,22.9,2.876
2010-09-19,35.9,-0.4,16.51,311.857,100.0,12.0,76.754,23.5,2.929
2010-09-26,35.4,-0.2,16.29,320.486,100.0,16.0,77.662,30.3,2.703
2010-10-03,36.7,1.8,16.933,295.886,100.0,12.0,76.012,21.5,2.781
2010-10-10,34.8,0.3,17.044,337.514,100.0,19.0,75.611,23.5,2.856
2010-10-17,38.2,2.6,18.057,374.171,100.0,18.0,76.226,31.0,2.971
2010-10-24,35.2,1.3,18.539,348.8,100.0,16.0,75.863,37.1,2.9
2010-10-31,34.9,2.8,19.043,305.857,100.0,7.0,73.436,30.6,2.839
2010-11-07,37.1,1.6,19.309,319.114,100.0,10.0,72.4,25.6,2.869
2010-11-14,36.1,2.8,20.49,229.457,100.0,8.0,70.302,24.6,2.808
2010-11-21,36.5,6.7,20.615,263.371,100.0,13.0,68.728,21.6,2.789
2010-11-28,38.7,4.2,20.96,187.286,100.0,9.0,67.522,42.5,2.763
2010-12-05,36.3,3.0,21.581,253.629,100.0,10.0,70.569,25.6,2.878
2010-12-12,37.7,1.0,21.815,206.029,100.0,11.0,68.684,26.7,2.605
2010-12-19,40.5,4.0,22.202,315.314,100.0,13.0,69.526,29.3,2.674
2010-12-26,38.6,4.8,22.63,391.229,100.0,8.0,72.723,26.6,2.775
2011-01-02,40.3,-0.8,23.371,280.629,100.0,9.0,71.277,24.2,2.678
2011-01-09,40.9,7.7,23.376,400.343,100.0,13.0,74.311,28.1,2.75
2011-01-16,41.1,4.3,23.775,416.943,100.0,9.0,74.771,27.6,2.752
2011-01-23,42.1,4.8,23.646,375.343,100.0,13.0,74.798,24.9,2.662
2011-01-30,42.2,4.1,23.798,243.857,100.0,19.0,74.092,33.2,2.735
2011-02-06,40.9,1.5,23.994,273.629,100.0,12.0,74.538,27.1,2.638
2011-02-13,38.8,5.9,23.693,256.914,100.0,13.0,73.484,26.8,2.619
2011-02-20,39.3,1.6,23.087,280.257,100.0,13.0,75.572,28.4,2.728
2011-02-27,40.9,9.0,23.299,333.943,100.0,14.0,76.108,27.7,2.568
2011-03-06,42.9,7.5,22.206,284.829,100.0,15.0,74.747,26.1,2.565
2011-03-13,37.2,5.8,22.348,258.971,100.0,15.0,75.686,30.8,2.538
2011-03-20,38.4,7.8,21.655,234.829,100.0,18.0,74.129,25.9,2.58
2011-03-27,36.5,5.5,20.886,273.571,100.0,18.0,75.325,22.6,2.666
2011-04-03,34.9,2.8,20.674,252.6,100.0,12.0,75.948,23.4,2.648
2011-04-10,39.1,6.4,20.691,239.229,100.0,11.0,75.885,23.8,2.547
2011-04-17,36.0,6.2,19.972,331.086,100.0,23.0,76.443,22.4,2.586
2011-04-24,37.9,4.8,19.608,249.029,100.0,11.0,76.446,26.7,2.438
2011-05-01,37.0,-0.1,18.382,304.057,100.0,14.0,76.742,24.1,2.54
2011-05-08,37.7,-0.3,17.185,253.743,100.0,10.0,78.894,22.4,2.395
2011-05-15,36.3,3.3,16.644,230.086,100.0,22.0,80.957,25.8,2.447
2011-05-22,37.5,0.5,15.385,222.886,100.0,20.0,80.63,20.9,2.469
2011-05-29,37.3,-0.4,15.525,337.343,100.0,12.0,82.788,27.3,2.537
2011-06-05,38.0,0.8,14.613,259.743,100.0,13.0,80.773,26.2,2.346
2011-06-12,39.1,-5.5,13.516,236.314,100.0,22.0,81.219,25.1,2.437
2011-06-19,35.5,-1.4,14.33,145.057,100.0,15.0,79.148,20.0,2.731
2011-06-26,38.0,-2.4,14.072,229.657,100.0,10.0,81.031,19.1,2.52
2011-07-03,37.0,-2.9,13.877,299.343,100.0,22.0,82.32,22.9,2.636
2011-07-10,38.7,-2.6,13.861,258.8,100.0,22.0,78.694,27.9,2.721
2011-07-17,30.5,-2.9,14.023,350.4,100.0,12.0,80.319,30.9,2.603
2011-07-24,34.2,-2.6,13.177,404.257,100.0,15.0,79.47,22.6,2.739
2011-07-31,33.0,-1.4,13.501,336.514,100.0,9.0,79.248,23.4,2.792
2011-08-07,34.5,-4.6,13.828,190.029,100.0,14.0,79.291,26.3,2.799
2011-08-14,33.9,-0.2,14.759,198.029,100.0,20.0,77.347,31.1,2.953
2011-08-21,32.4,-2.0,14.66,132.286,100.0,14.0,77.782,27.8,2.839
2011-08-28,34.8,-1.6,14.643,194.343,100.0,8.0,75.252,20.3,2.893
2011-09-04,34.5,-1.5,15.814,273.143,100.0,14.0,76.434,26.9,3.001
2011-09-11,34.5,0.9,15.669,276.857,100.0,20.0,77.979,24.4,3.066
2011-09-18,36.6,0.0,16.857,337.743,100.0,15.0,76.427,25.0,3.108
2011-09-25,36.0,-1.0,16.094,349.971,100.0,15.0,76.647,28.5,2.894
2011-10-02,35.7,-2.8,16.834,277.714,100.0,12.0,75.591,26.6,3.059
2011-10-09,37.8,0.7,17.075,305.514,100.0,20.0,76.047,31.0,3.055
2011-10-16,37.7,3.8,18.154,353.114,100.0,20.0,76.612,21.2,3.083
2011-10-23,38.2,3.2,18.879,335.771,100.0,11.0,74.384,31.1,3.086
2011-10-30,35.5,0.2,18.803,322.971,100.0,14.0,73.813,31.1,2.885
2011-11-06,36.5,-1.9,19.065,392.229,100.0,14.0,72.723,31.6,3.193
2011-11-13,36.9,0.7,20.081,226.971,100.0,13.0,70.776,30.7,3.03
2011-11-20,36.3,2.9,20.338,218.143,100.0,14.0,70.855,25.9,2.921
2011-11-27,37.8,1.7,20.715,188.829,100.0,12.0,68.729,23.2,2.862
2011-12-04,36.7,5.1,21.55,195.343,100.0,10.0,70.275,24.3,3.072
2011-12-11,40.0,-0.7,21.594,193.086,100.0,12.0,68.887,27.5,2.93
2011-12-18,39.6,2.3,22.297,211.371,100.0,10.0,67.091,31.2,2.868
2011-12-25,38.7,5.1,22.625,280.514,100.0,13.0,71.608,27.2,3.01
2012-01-01,41.2,5.3,23.162,367.229,100.0,15.0,72.412,24.7,2.876
2012-01-08,40.6,3.0,23.193,356.286,100.0,14.0,73.966,36.6,2.959
2012-01-15,38.7,2.2,23.292,422.057,100.0,10.0,74.82,25.2,2.805
2012-01-22,40.8,3.1,23.133,381.257,100.0,16.0,75.493,27.2,2.714
2012-01-29,39.9,-2.6,23.309,252.771,100.0,14.0,74.683,30.9,2.882
2012-02-05,38.0,1.6,23.608,271.171,100.0,16.0,75.412,27.5,2.661
2012-02-12,40.1,4.6,23.578,266.171,100.0,21.0,74.613,29.3,2.829
2012-02-19,39.6,5.1,22.926,261.857,100.0,15.0,76.053,24.8,2.678
2012-02-26,37.3,4.9,23.294,235.943,100.0,12.0,75.504,19.8,2.629
2012-03-04,38.0,-0.4,22.179,210.143,100.0,12.0,74.762,29.0,2.54
2012-03-11,38.0,0.3,22.551,192.171,100.0,18.0,74.924,21.9,2.514
2012-03-18,39.7,2.7,21.733,309.571,100.0,14.0,73.671,23.4,2.579
2012-03-25,38.5,5.1,20.919,256.086,100.0,17.0,75.872,21.9,2.73
2012-04-01,36.6,3.4,20.476,240.829,100.0,13.0,76.261,25.6,2.718
2012-04-08,36.4,1.8,20.805,213.686,100.0,15.0,75.369,25.3,2.546
2012-04-15,36.6,3.6,20.134,199.657,100.0,19.0,75.913,23.6,2.607
2012-04-22,36.2,3.2,19.19,182.286,100.0,21.0,77.744,23.5,2.537
2012-04-29,36.1,4.9,18.513,292.6,100.0,18.0,77.089,26.2,2.55
2012-05-06,36.1,0.7,17.196,185.029,100.0,11.0,77.689,20.7,2.39
2012-05-13,38.7,-0.8,16.807,173.457,100.0,10.0,78.954,22.8,2.473
2012-05-20,38.9,-0.6,15.709,173.714,100.0,15.0,79.516,26.6,2.611
2012-05-27,34.3,0.0,15.592,304.457,100.0,19.0,81.668,25.4,2.522
2012-06-03,34.4,-1.7,15.237,305.743,100.0,13.0,82.314,28.1,2.586
2012-06-10,35.4,-3.1,13.631,213.743,100.0,21.0,81.307,19.8,2.334
2012-06-17,34.2,-3.6,14.312,200.429,100.0,13.0,79.212,23.2,2.551
2012-06-24,33.0,-4.4,14.036,201.657,100.0,17.0,82.108,23.6,2.569
2012-07-01,30.7,-1.5,14.343,287.629,100.0,11.0,81.817,24.6,2.856
2012-07-08,31.9,-4.0,13.606,219.771,100.0,21.0,79.039,27.4,2.727
2012-07-15,33.0,-5.0,13.963,215.057,100.0,15.0,78.682,27.4,2.597
2012-07-22,31.1,-4.0,12.942,316.2,100.0,13.0,78.445,28.3,2.864
2012-07-29,31.7,-3.9,13.823,301.686,100.0,16.0,77.828,23.6,2.606
2012-08-05,33.3,-3.0,13.881,206.429,100.0,14.0,77.238,23.3,2.748
2012-08-12,33.0,-1.2,14.887,170.629,100.0,11.0,76.762,26.3,2.962
2012-08-19,34.5,-2.8,14.632,204.371,100.0,17.0,77.467,25.5,2.912
2012-08-26,33.3,-2.8,15.08,170.771,100.0,20.0,74.262,20.8,2.767
2012-09-02,34.0,-1.9,15.641,298.086,100.0,15.0,76.764,22.3,2.945
2012-09-09,34.1,-0.7,15.651,278.971,100.0,20.0,77.678,24.4,2.972
2012-09-16,35.5,-1.1,16.777,331.743,100.0,11.0,77.891,23.0,2.94
2012-09-23,34.9,-0.7,16.282,384.057,100.0,16.0,77.769,33.4,2.77
2012-09-30,36.6,-0.4,16.569,197.6,100.0,14.0,75.151,24.3,2.839
2012-10-07,37.4,0.4,16.78,360.314,100.0,19.0,77.753,29.8,2.998
2012-10-14,37.7,1.3,17.601,337.429,100.0,16.0,77.253,24.1,2.952
2012-10-21,37.3,2.4,18.286,346.686,100.0,14.0,77.198,30.9,3.009
2012-10-28,35.6,1.7,18.72,293.886,100.0,11.0,74.459,29.4,2.907
2012-11-04,37.2,-2.5,19.122,276.286,100.0,16.0,73.443,30.9,3.115
2012-11-11,36.3,0.3,19.588,208.943,100.0,15.0,70.636,23.5,2.911
2012-11-18,36.1,2.1,20.289,248.543,100.0,15.0,69.57,40.0,3.003
2012-11-25,36.4,1.5,20.42,212.429,100.0,12.0,69.122,28.9,2.832
2012-12-02,38.1,-2.1,20.858,227.229,100.0,10.0,71.211,30.5,3.088
2012-12-09,36.5,0.3,21.213,267.4,100.0,12.0,70.413,28.1,2.86
2012-12-16,38.2,0.9,21.991,288.057,100.0,12.0,68.676,31.6,2.808
2012-12-23,39.4,0.9,21.984,358.571,100.0,11.0,72.837,31.7,2.943
2012-12-30,39.3,4.0,22.895,297.0,100.0,12.0,72.229,30.8,2.908
2013-01-06,38.9,0.7,23.083,368.857,100.0,12.0,74.365,22.8,2.82
2013-01-13,38.5,3.8,23.448,411.343,100.0,13.0,74.356,27.7,2.701
2013-01-20,40.3,6.2,23.647,355.257,100.0,10.0,73.775,21.7,2.608
2013-01-27,40.9,4.8,23.805,254.086,100.0,17.0,72.182,22.8,2.709
2013-02-03,39.4,4.7,23.628,216.229,100.0,10.0,73.594,25.7,2.493
2013-02-10,39.7,1.3,23.748,382.8,100.0,14.0,74.33,23.4,2.564
2013-02-17,39.2,3.8,23.17,373.057,100.0,12.0,75.257,29.7,2.477
2013-02-24,37.8,6.0,23.305,346.371,100.0,14.0,76.284,29.1,2.665
2013-03-03,38.6,6.4,22.521,302.429,100.0,15.0,75.095,30.6,2.364
2013-03-10,37.2,0.1,22.844,235.914,100.0,16.0,75.07,24.2,2.394
2013-03-17,40.4,6.2,22.144,253.943,100.0,13.0,74.292,29.1,2.268
2013-03-24,39.4,6.7,21.205,377.714,100.0,18.0,75.51,25.5,2.495
2013-03-31,34.6,4.2,20.545,332.829,100.0,17.0,77.174,23.8,2.557
2013-04-07,35.5,2.3,20.974,301.029,100.0,14.0,75.775,24.8,2.393
2013-04-14,37.3,3.7,20.459,286.0,100.0,20.0,75.345,25.8,2.507
2013-04-21,35.7,1.8,19.59,232.8,100.0,17.0,76.829,22.0,2.388
2013-04-28,34.7,1.6,19.145,303.657,100.0,12.0,76.392,23.9,2.295
2013-05-05,34.7,1.1,17.745,273.6,100.0,17.0,77.531,22.5,2.252
2013-05-12,38.3,1.2,17.375,195.486,100.0,11.0,78.851,20.1,2.28
2013-05-19,39.6,0.9,16.201,271.886,100.0,11.0,79.947,27.0,2.338
2013-05-26,39.1,1.0,16.137,356.371,100.0,17.0,80.861,23.3,2.352
2013-06-02,39.7,-0.1,15.344,405.143,100.0,22.0,82.096,22.7,2.366
2013-06-09,33.0,-2.8,14.151,265.343,100.0,18.0,80.953,20.5,2.236
2013-06-16,33.8,-4.0,14.416,181.314,100.0,14.0,80.072,30.2,2.38
2013-06-23,33.0,-2.7,14.276,237.371,100.0,15.0,80.814,32.8,2.294
2013-06-30,34.4,-2.3,14.472,308.829,100.0,16.0,82.456,26.9,2.589
2013-07-07,34.0,-5.0,13.896,319.971,100.0,14.0,81.218,22.2,2.474
2013-07-14,33.4,-3.8,13.958,238.829,100.0,15.0,80.279,26.5,2.348
2013-07-21,33.1,-3.8,13.833,370.229,100.0,20.0,79.931,29.4,2.52
2013-07-28,35.1,-1.9,13.728,282.229,100.0,17.0,77.314,20.6,2.455
2013-08-04,35.0,-3.9,14.245,185.857,100.0,23.0,77.238,27.2,2.541
2013-08-11,33.4,-0.6,15.191,213.686,100.0,11.0,76.832,26.9,2.659
2013-08-18,32.8,-3.1,14.524,269.057,100.0,11.0,78.804,29.5,2.698
2013-08-25,36.0,-5.0,14.625,225.2,100.0,16.0,75.915,32.0,2.667
2013-09-01,35.8,-2.7,15.663,299.143,100.0,14.0,75.032,34.9,2.8
2013-09-08,35.2,1.0,15.449,314.514,100.0,20.0,77.714,21.5,2.866
2013-09-15,35.1,0.1,16.553,271.257,100.0,13.0,76.934,23.3,2.869
2013-09-22,34.4,0.0,16.224,393.629,100.0,12.0,77.442,44.4,2.905
2013-09-29,36.8,0.0,16.389,244.114,100.0,8.0,75.321,32.9,2.743
2013-10-06,38.1,-0.6,16.928,277.229,100.0,11.0,76.082,28.5,2.989
2013-10-13,38.0,2.3,17.374,406.0,100.0,14.0,75.766,28.6,2.94
2013-10-20,38.9,1.6,18.209,385.543,100.0,8.0,76.784,32.0,2.949
2013-10-27,36.8,-0.8,18.62,397.429,100.0,16.0,73.983,28.3,2.859
2013-11-03,37.1,2.6,19.295,333.257,100.0,11.0,73.126,25.9,2.951
2013-11-10,36.0,2.3,19.64,275.829,100.0,11.0,70.525,31.8,2.838
2013-11-17,37.2,-2.0,20.168,293.629,100.0,10.0,71.034,32.0,3.017
2013-11-24,36.5,-1.6,20.448,225.286,100.0,10.0,67.4,21.5,2.774
2013-12-01,39.9,0.6,21.104,240.743,100.0,10.0,68.845,27.3,2.954
2013-12-08,37.9,3.8,21.408,278.029,100.0,14.0,69.888,25.6,2.884
2013-12-15,38.5,0.3,22.374,220.771,100.0,10.0,66.821,32.1,2.822
2013-12-22,38.8,0.9,22.25,301.829,100.0,11.0,71.141,32.3,2.914
2013-12-29,40.1,0.2,22.77,345.429,100.0,11.0,72.118,29.8,2.974
2014-01-05,39.9,3.8,23.545,289.6,100.0,12.0,73.154,42.6,2.78
2014-01-12,39.1,0.2,23.219,367.6,100.0,14.0,74.21,30.2,2.784
2014-01-19,39.3,2.4,23.475,366.171,100.0,10.0,74.394,31.6,2.758
2014-01-26,40.6,0.6,23.689,306.743,100.0,13.0,73.552,27.2,2.811
2014-02-02,40.0,0.0,23.388,311.686,100.0,17.0,73.735,28.0,2.589
2014-02-09,40.6,5.1,23.737,283.886,100.0,16.0,73.538,34.8,2.758
2014-02-16,39.0,6.6,23.221,361.514,100.0,14.0,75.256,23.0,2.542
2014-02-23,39.7,6.7,22.875,338.657,100.0,14.0,76.87,24.7,2.684
2014-03-02,39.8,3.4,22.463,342.057,100.0,13.0,76.012,23.5,2.421
2014-03-09,37.2,2.7,22.261,263.314,100.0,13.0,75.063,29.3,2.532
2014-03-16,39.6,5.5,21.824,310.029,100.0,16.0,75.854,25.5,2.428
2014-03-23,40.6,2.2,20.993,350.829,100.0,15.0,76.027,27.3,2.563
2014-03-30,35.9,3.7,20.44,309.886,100.0,13.0,76.998,27.9,2.61
2014-04-06,34.9,3.9,20.609,243.2,100.0,12.0,76.547,24.6,2.495
2014-04-13,35.7,0.1,20.041,413.571,100.0,16.0,76.529,24.7,2.5
2014-04-20,35.6,4.0,19.245,324.686,100.0,21.0,77.474,25.3,2.529
2014-04-27,35.3,4.6,19.125,349.429,100.0,14.0,77.719,23.4,2.381
2014-05-04,35.9,1.1,17.349,335.171,100.0,15.0,77.571,38.3,2.454
2014-05-11,35.9,1.0,17.256,287.686,100.0,14.0,79.639,27.8,2.334
2014-05-18,33.5,1.2,16.25,316.029,100.0,10.0,80.179,25.0,2.387
2014-05-25,35.1,-0.7,15.548,383.114,100.0,20.0,82.556,24.7,2.438
2014-06-01,34.2,-0.5,15.489,396.543,100.0,25.0,82.19,27.3,2.487
2014-06-08,33.7,-0.7,13.98,261.971,100.0,25.0,80.961,22.0,2.36
2014-06-15,33.6,-6.3,14.128,292.914,100.0,10.0,80.889,36.6,2.337
2014-06-22,34.1,-2.3,14.48,241.886,100.0,25.0,80.182,23.1,2.493
2014-06-29,33.6,-1.4,14.44,336.0,100.0,9.0,81.617,20.9,2.619
2014-07-06,34.2,-1.5,14.181,243.686,100.0,13.0,79.935,26.6,2.564
2014-07-13,33.8,-3.9,13.675,282.8,100.0,13.0,79.314,22.6,2.616
2014-07-20,32.7,-3.5,13.956,371.657,100.0,20.0,79.922,22.2,2.722
2014-07-27,32.5,-2.8,13.612,385.371,100.0,7.0,78.812,24.7,2.549
2014-08-03,33.9,-3.2,14.026,231.057,100.0,14.0,77.669,23.9,2.617
2014-08-10,33.0,-2.3,14.674,244.286,100.0,20.0,77.055,26.7,2.689
2014-08-17,32.8,-4.0,14.701,201.886,100.0,20.0,77.545,27.3,2.937
2014-08-24,35.6,-0.3,14.911,194.314,100.0,16.0,75.57,26.1,2.754
2014-08-31,34.2,-1.0,15.347,285.2,100.0,16.0,75.47,24.3,3.065
2014-09-07,33.1,0.0,15.67,314.029,100.0,12.0,77.342,24.1,2.891
2014-09-14,36.1,-0.8,16.481,342.771,100.0,12.0,77.716,25.7,2.937
2014-09-21,35.8,-0.4,16.505,433.486,100.0,15.0,77.675,29.1,2.866
2014-09-28,34.7,0.2,16.216,307.571,100.0,18.0,76.47,30.3,2.737
2014-10-05,37.8,1.4,16.761,372.571,100.0,12.0,76.906,23.5,2.873
2014-10-12,38.2,1.2,17.146,360.486,100.0,18.0,75.93,32.8,2.967
2014-10-19,35.9,0.1,17.896,480.257,100.0,17.0,77.133,37.1,2.932
2014-10-26,37.4,-2.8,18.275,407.771,100.0,7.0,75.572,31.2,2.82
2014-11-02,37.4,-2.6,18.87,333.657,100.0,8.0,73.918,26.6,2.91
2014-11-09,35.8,-2.1,19.136,350.371,100.0,10.0,72.717,26.3,2.89
2014-11-16,35.7,1.4,20.331,271.914,100.0,8.0,71.409,26.1,2.906
2014-11-23,37.7,-1.1,20.54,214.486,100.0,13.0,68.147,26.0,2.792
2014-11-30,40.5,-1.8,20.921,223.886,100.0,9.0,69.261,22.8,2.827
2014-12-07,37.6,1.7,21.081,182.486,100.0,13.0,70.699,24.7,2.868
2014-12-14,38.5,0.7,22.186,191.257,100.0,7.0,66.998,26.7,2.645
2014-12-21,40.9,4.2,22.244,290.171,100.0,8.0,70.322,33.6,2.752
2014-12-28,39.5,1.5,22.73,358.629,100.0,15.0,72.472,30.8,2.879
2015-01-04,40.3,6.9,23.555,324.886,100.0,10.0,71.558,28.8,2.789
2015-01-11,40.8,4.8,23.224,347.429,100.0,11.0,73.608,25.8,2.824
2015-01-18,41.5,5.6,23.306,459.229,100.0,7.0,75.188,22.8,2.703
2015-01-25,41.2,7.1,23.424,339.286,100.0,12.0,74.414,26.3,2.656
2015-02-01,40.5,6.0,23.335,311.4,100.0,16.0,74.614,25.6,2.653
2015-02-08,41.2,4.3,23.538,302.543,100.0,12.0,75.06,27.9,2.643
2015-02-15,39.8,0.4,23.08,263.4,100.0,14.0,74.658,23.8,2.508
2015-02-22,41.0,-2.5,22.685,322.657,100.0,14.0,76.313,36.2,2.654
2015-03-01,40.9,6.0,22.599,387.829,100.0,14.0,76.556,26.1,2.483
2015-03-08,40.3,2.9,22.044,271.171,100.0,12.0,74.704,28.8,2.567
2015-03-15,38.4,5.1,21.912,298.943,100.0,10.0,76.411,22.4,2.396
2015-03-22,38.2,0.6,21.231,279.486,100.0,17.0,75.102,26.7,2.612
2015-03-29,35.6,4.8,20.65,312.0,100.0,18.0,75.748,23.4,2.533
2015-04-05,35.4,-0.9,20.81,292.429,100.0,10.0,76.242,23.7,2.533
2015-04-12,36.1,3.4,20.263,338.943,100.0,11.0,76.227,27.5,2.469
2015-04-19,36.0,3.9,19.841,329.257,100.0,20.0,76.647,23.5,2.501
2015-04-26,35.3,1.8,19.425,322.514,100.0,11.0,77.497,23.7,2.346
2015-05-03,35.7,-0.3,17.889,369.4,100.0,10.0,77.157,24.1,2.465
2015-05-10,36.4,0.3,17.292,231.029,100.0,16.0,79.061,22.7,2.361
2015-05-17,37.4,2.0,16.51,273.057,100.0,21.0,80.551,22.9,2.415
2015-05-24,33.6,-0.4,15.644,290.686,100.0,15.0,81.184,26.3,2.385
2015-05-31,35.5,-0.3,15.68,346.029,100.0,12.0,82.675,25.4,2.353
2015-06-07,35.2,-1.0,14.313,274.629,100.0,17.0,80.238,26.2,2.25
2015-06-14,34.5,-3.3,14.043,212.143,100.0,15.0,80.018,24.5,2.291
2015-06-21,33.0,-2.5,14.412,186.571,100.0,10.0,79.87,25.6,2.554
2015-06-28,33.8,-2.4,14.255,237.857,100.0,18.0,80.929,25.5,2.494
2015-07-05,34.8,-4.0,14.109,295.914,100.0,11.0,81.823,25.2,2.551
2015-07-12,33.8,-4.5,13.741,268.8,100.0,13.0,79.019,23.7,2.544
2015-07-19,35.1,-1.9,14.039,427.2,100.0,10.0,80.305,30.9,2.431
2015-07-26,36.3,-2.6,13.419,394.943,100.0,19.0,79.521,22.6,2.567
2015-08-02,33.4,-2.8,13.677,259.257,100.0,13.0,79.163,23.4,2.587
2015-08-09,34.9,-2.9,14.603,212.343,100.0,16.0,77.565,27.6,2.646
2015-08-16,35.9,-1.5,14.843,259.086,100.0,14.0,77.642,23.6,2.758
2015-08-23,35.4,-2.7,14.646,207.343,100.0,8.0,76.402,24.5,2.707
2015-08-30,34.4,-4.3,14.954,250.8,100.0,12.0,75.342,26.9,2.801
2015-09-06,35.7,-3.3,15.804,347.829,100.0,13.0,76.733,24.6,2.876
2015-09-13,35.2,1.0,16.094,297.686,100.0,16.0,77.298,22.6,2.996
2015-09-20,35.9,-0.1,16.476,375.143,100.0,12.0,76.943,26.1,2.999
2015-09-27,36.0,-0.2,16.235,315.0,100.0,10.0,76.823,24.9,2.852
2015-10-04,35.8,-0.8,16.993,278.829,100.0,12.0,76.819,24.1,2.934
2015-10-11,37.8,-0.9,17.127,295.171,100.0,20.0,75.764,31.0,3.002
2015-10-18,37.7,2.5,17.912,390.886,100.0,16.0,77.197,31.0,3.04
2015-10-25,35.6,-2.0,18.381,416.171,100.0,19.0,75.327,33.6,2.956
2015-11-01,37.1,-1.6,19.0,318.143,100.0,14.0,73.499,30.6,2.953
2015-11-08,37.1,0.6,19.085,335.0,100.0,14.0,73.106,27.4,3.0
2015-11-15,36.9,1.5,20.306,298.714,100.0,14.0,71.948,30.7,3.027
2015-11-22,36.7,0.9,20.368,210.6,100.0,13.0,69.148,25.9,2.891
2015-11-29,37.8,0.9,20.706,241.714,100.0,10.0,69.527,22.2,2.964
2015-12-06,36.3,0.2,21.347,262.543,100.0,10.0,70.62,25.6,3.003
2015-12-13,40.5,-2.0,21.647,217.429,100.0,10.0,67.931,24.0,2.777
2015-12-20,39.6,0.2,21.95,305.314,100.0,13.0,70.621,27.2,2.956
2015-12-27,39.6,3.1,22.427,435.886,100.0,13.0,73.001,26.6,2.935
2016-01-03,41.2,1.3,23.212,308.571,100.0,9.0,72.915,23.8,2.839
2016-01-10,39.7,3.6,22.966,402.4,100.0,13.0,73.514,28.6,2.919
2016-01-17,41.1,1.4,23.224,439.686,100.0,9.0,74.607,27.6,2.824
2016-01-24,42.1,3.9,23.33,286.8,100.0,14.0,74.181,27.2,2.855
2016-01-31,42.2,3.3,23.437,287.829,100.0,13.0,73.84,33.2,2.886
2016-02-07,40.9,-0.5,23.698,317.771,100.0,13.0,74.832,27.5,2.891
2016-02-14,40.0,4.1,23.402,267.286,100.0,13.0,73.882,29.3,2.798
2016-02-21,38.5,-0.1,22.909,298.571,100.0,13.0,74.358,28.4,2.902
2016-02-28,41.4,4.4,22.988,295.0,100.0,16.0,74.846,27.7,2.687
2016-03-06,42.9,6.0,22.157,256.257,100.0,12.0,74.096,29.0,2.657
2016-03-13,38.0,2.1,21.802,260.2,100.0,12.0,74.74,30.8,2.634
2016-03-20,39.7,2.0,21.386,282.371,100.0,14.0,74.273,21.0,2.707
2016-03-27,36.8,4.5,20.458,273.4,100.0,19.0,75.829,22.6,2.798
2016-04-03,34.7,2.8,20.5,295.314,100.0,16.0,76.324,21.7,2.767
2016-04-10,34.8,-1.3,20.336,257.0,100.0,20.0,75.626,23.6,2.661
2016-04-17,35.9,3.0,19.484,227.2,100.0,13.0,76.243,21.5,2.772
2016-04-24,35.3,-2.1,19.422,288.486,100.0,16.0,76.764,26.7,2.566
2016-05-01,35.4,0.4,17.991,346.971,100.0,17.0,77.256,26.2,2.624
2016-05-08,34.6,1.0,17.257,253.771,100.0,17.0,78.929,22.4,2.523
2016-05-15,35.9,1.6,16.736,247.029,100.0,19.0,80.075,23.2,2.526
2016-05-22,34.3,0.4,15.671,246.571,100.0,20.0,79.873,21.2,2.646
2016-05-29,35.5,0.8,15.764,373.457,100.0,14.0,81.49,27.3,2.58
2016-06-05,33.6,0.8,14.97,306.943,100.0,12.0,80.373,23.6,2.533
2016-06-12,35.6,-5.5,14.161,260.829,100.0,15.0,80.037,25.1,2.504
2016-06-19,34.5,-2.3,14.835,181.943,100.0,16.0,78.337,23.2,2.699
2016-06-26,35.0,-4.4,14.533,328.857,100.0,12.0,81.135,26.5,2.664
2016-07-03,35.0,-2.9,14.608,347.886,100.0,11.0,81.316,33.0,2.757
2016-07-10,32.1,-5.0,14.267,271.857,100.0,21.0,77.843,23.7,2.78
2016-07-17,35.6,-2.3,14.584,393.771,100.0,10.0,79.798,24.5,2.851
2016-07-24,32.2,-4.0,13.242,416.514,100.0,11.0,78.899,21.6,2.765
2016-07-31,32.9,-3.7,14.136,299.029,100.0,9.0,78.577,26.8,2.802
2016-08-07,34.5,-4.6,14.481,234.714,100.0,14.0,78.358,26.7,2.874
2016-08-14,33.9,-1.1,15.043,206.857,100.0,20.0,76.969,31.1,3.001
2016-08-21,34.5,-2.8,15.143,208.943,100.0,17.0,77.063,27.8,2.858
2016-08-28,34.8,-1.8,14.909,241.829,100.0,16.0,75.189,20.2,2.891
2016-09-04,34.5,-1.1,16.061,366.543,100.0,19.0,77.081,22.3,2.983
2016-09-11,35.6,0.4,16.029,311.343,100.0,15.0,77.815,23.9,3.016
2016-09-18,36.6,-0.6,16.568,435.429,100.0,16.0,76.997,26.0,3.036
2016-09-25,34.6,1.3,16.436,399.143,100.0,19.0,77.09,28.5,2.967
2016-10-02,36.7,-2.3,16.803,301.029,100.0,14.0,75.467,26.6,2.997
2016-10-09,37.1,-2.6,16.978,368.514,100.0,20.0,75.947,31.0,2.999
2016-10-16,37.6,-1.3,17.678,437.971,100.0,13.0,76.375,22.2,3.095
2016-10-23,38.2,2.2,18.435,430.114,100.0,11.0,75.39,30.9,3.058
2016-10-30,37.2,-2.9,18.872,331.629,100.0,11.0,73.515,31.1,3.025
2016-11-06,36.5,-2.3,18.595,375.829,100.0,11.0,73.614,31.6,3.174
2016-11-13,36.1,-1.8,19.698,300.029,100.0,13.0,70.908,40.0,2.99
2016-11-20,37.2,-2.7,19.625,301.229,100.0,14.0,71.545,30.0,2.919
2016-11-27,37.5,0.3,20.032,290.943,100.0,10.0,70.221,28.9,2.971
2016-12-04,38.1,1.3,20.731,278.171,100.0,12.0,71.73,27.5,3.107
2016-12-11,40.0,-2.0,20.891,245.514,100.0,12.0,69.709,24.7,2.932
2016-12-18,38.8,2.0,21.274,339.314,100.0,14.0,70.321,31.2,2.993
2016-12-25,39.3,-2.6,21.493,390.057,100.0,14.0,72.865,31.7,3.046
2017-01-01,41.2,-1.2,22.178,386.257,100.0,12.0,73.942,31.6,2.905
2017-01-08,38.7,0.9,22.063,457.971,100.0,14.0,74.721,36.6,2.911
2017-01-15,38.8,0.0,22.387,482.4,100.0,10.0,75.584,25.2,2.743
2017-01-22,40.3,0.1,22.511,492.886,100.0,11.0,74.633,30.9,2.741
2017-01-29,40.9,-2.7,22.518,294.571,100.0,17.0,74.234,28.4,2.859
2017-02-05,39.5,0.7,22.806,294.257,100.0,17.0,75.075,26.8,2.697
2017-02-12,40.1,1.3,22.485,340.171,100.0,11.0,74.465,26.7,2.76
2017-02-19,39.0,0.1,22.252,383.514,100.0,14.0,76.071,23.4,2.723
2017-02-26,37.9,0.7,22.379,337.2,100.0,15.0,75.828,30.6,2.635
2017-03-05,38.6,1.1,21.664,279.229,100.0,15.0,74.437,26.3,2.616
2017-03-12,36.6,-0.4,21.738,301.2,100.0,13.0,74.182,22.0,2.526
2017-03-19,39.9,-2.0,21.198,349.886,100.0,14.0,73.644,25.4,2.576
2017-03-26,36.6,-1.7,20.46,368.171,100.0,17.0,75.855,25.5,2.656
2017-04-02,35.6,2.8,20.608,313.114,100.0,13.0,75.89,31.2,2.65
2017-04-09,37.7,1.4,20.405,321.886,100.0,15.0,75.26,27.8,2.596
2017-04-16,34.6,1.8,19.678,326.4,100.0,14.0,76.599,27.1,2.619
2017-04-23,36.2,1.8,19.312,241.057,100.0,17.0,76.991,24.0,2.562
2017-04-30,34.9,2.5,18.256,340.029,100.0,10.0,75.946,26.1,2.574
2017-05-07,34.8,1.5,17.582,256.914,100.0,11.0,77.667,22.8,2.482
2017-05-14,35.3,-0.8,17.187,252.143,100.0,10.0,78.149,27.3,2.585
2017-05-21,33.3,-2.7,16.048,284.286,100.0,17.0,79.351,27.0,2.581
2017-05-28,35.5,-1.7,16.133,418.829,100.0,17.0,80.71,27.3,2.605
2017-06-04,33.8,-2.2,15.441,301.029,100.0,13.0,80.314,22.9,2.599
2017-06-11,32.9,-3.9,14.61,309.457,100.0,21.0,80.755,22.2,2.453
2017-06-18,36.8,-4.0,15.322,244.8,100.0,13.0,78.233,30.2,2.628
2017-06-25,34.8,-2.9,14.911,267.629,100.0,17.0,80.84,24.6,2.65
2017-07-02,34.5,-2.3,14.643,337.057,100.0,14.0,81.208,27.4,2.774
2017-07-09,35.3,-5.0,14.384,325.229,100.0,23.0,78.583,22.4,2.714
2017-07-16,34.0,-3.8,14.725,315.914,100.0,10.0,78.529,27.4,2.605
2017-07-23,34.8,-3.8,13.901,418.371,100.0,13.0,78.568,28.3,2.692
2017-07-30,35.3,-3.9,14.671,363.286,100.0,16.0,77.234,24.2,2.681
2017-08-06,33.7,-3.9,14.968,218.886,100.0,13.0,75.873,23.3,2.775
2017-08-13,34.6,-0.5,15.349,255.6,100.0,11.0,76.65,26.3,2.875
2017-08-20,35.7,-2.0,15.151,261.314,100.0,12.0,76.45,25.5,2.843
2017-08-27,36.0,-5.0,15.297,278.2,100.0,11.0,74.216,32.0,2.852
2017-09-03,36.3,-2.7,16.078,337.429,100.0,10.0,75.85,26.3,2.838
2017-09-10,37.3,-1.3,15.786,305.4,100.0,15.0,76.895,24.4,3.04
2017-09-17,35.1,-1.4,16.743,387.486,100.0,11.0,77.056,23.0,2.924
2017-09-24,34.8,-2.0,16.028,374.543,100.0,15.0,77.283,33.4,2.789
2017-10-01,36.9,-1.4,16.528,231.2,100.0,14.0,75.254,29.8,2.847
2017-10-08,38.1,-2.8,16.591,440.4,100.0,14.0,76.647,28.5,2.983
2017-10-15,38.0,-2.9,17.727,458.914,100.0,14.0,76.802,28.6,2.961
2017-10-22,36.4,2.8,18.24,365.057,100.0,11.0,76.078,27.2,2.97
2017-10-29,36.8,-1.1,18.38,352.286,100.0,15.0,74.791,29.4,2.929
2017-11-05,37.1,-1.1,18.644,382.743,100.0,11.0,73.937,25.0,3.098
2017-11-12,36.3,-2.8,19.465,297.714,100.0,11.0,71.567,31.8,2.846
2017-11-19,37.2,-2.0,19.482,274.914,100.0,10.0,69.883,25.7,2.942
2017-11-26,37.4,-2.9,19.714,258.086,100.0,10.0,70.604,24.3,2.854
2017-12-03,39.9,-0.9,20.372,343.629,100.0,10.0,71.648,30.5,2.982
2017-12-10,37.9,-0.7,20.701,298.829,100.0,10.0,70.904,26.9,2.825
2017-12-17,38.3,-1.4,21.341,333.714,100.0,10.0,68.128,32.1,2.817
2017-12-24,40.1,-0.3,21.475,483.086,100.0,11.0,72.784,28.4,2.934
2017-12-31,39.3,-0.7,22.264,388.086,100.0,12.0,72.858,30.8,2.812
2018-01-07,39.0,-0.5,22.535,351.143,100.0,12.0,73.572,42.6,2.802
2018-01-14,37.7,-0.5,22.801,415.286,100.0,14.0,74.141,30.2,2.73
2018-01-21,40.6,1.0,22.57,390.4,100.0,10.0,74.19,24.9,2.733
2018-01-28,40.2,0.0,22.866,326.943,100.0,18.0,73.269,27.2,2.764
2018-02-04,39.3,-0.1,22.74,350.114,100.0,10.0,74.377,36.2,2.592
2018-02-11,40.6,-1.3,22.987,403.429,100.0,21.0,74.865,34.8,2.628
2018-02-18,37.4,-0.1,22.421,457.629,100.0,12.0,75.633,29.7,2.7
2018-02-25,39.8,-0.7,22.358,386.457,100.0,14.0,76.379,29.1,2.671
2018-03-04,37.0,0.7,21.827,288.514,100.0,18.0,75.197,23.2,2.545
2018-03-11,36.7,-0.3,22.139,277.971,100.0,11.0,74.971,25.5,2.495
2018-03-18,40.4,2.1,21.571,273.343,100.0,13.0,73.97,42.5,2.503
2018-03-25,36.7,3.5,20.546,369.114,100.0,15.0,76.166,23.2,2.617
2018-04-01,38.0,-2.6,19.98,377.457,100.0,12.0,77.094,23.3,2.615
2018-04-08,36.9,-2.8,20.428,328.571,100.0,15.0,75.292,24.7,2.52
2018-04-15,34.9,0.7,19.997,374.286,100.0,17.0,75.553,31.2,2.619
2018-04-22,37.6,-0.8,19.385,288.6,100.0,19.0,76.362,27.9,2.518
2018-04-29,35.1,0.2,18.692,386.286,100.0,17.0,76.762,27.8,2.496
2018-05-06,34.1,1.1,17.494,332.971,100.0,17.0,77.809,38.3,2.329
2018-05-13,35.4,-1.9,16.992,307.886,100.0,11.0,79.039,21.7,2.432
2018-05-20,37.3,1.0,16.46,369.143,100.0,16.0,79.421,25.0,2.46
2018-05-27,38.4,-0.1,15.936,437.314,100.0,23.0,81.288,24.7,2.563
2018-06-03,37.8,0.3,15.637,479.457,100.0,18.0,81.093,22.5,2.546
2018-06-10,35.0,-4.4,14.252,312.714,100.0,18.0,81.108,33.0,2.383
2018-06-17,36.9,-6.3,14.53,293.886,100.0,19.0,79.261,36.6,2.471
2018-06-24,34.6,-0.8,14.677,315.314,100.0,21.0,80.595,32.8,2.516
2018-07-01,33.4,-0.6,14.979,410.486,100.0,13.0,82.254,26.9,2.617
2018-07-08,33.2,-3.0,14.314,328.4,100.0,14.0,79.541,23.4,2.601
2018-07-15,33.2,-3.9,14.533,285.686,100.0,13.0,80.184,27.4,2.531
2018-07-22,33.7,-3.2,13.946,436.171,100.0,15.0,79.287,29.4,2.721
2018-07-29,34.9,-2.8,14.489,337.143,100.0,18.0,77.562,24.7,2.538
2018-08-05,34.0,-3.2,14.956,238.429,100.0,15.0,76.457,23.9,2.676
2018-08-12,33.4,-2.3,15.396,387.8,100.0,12.0,77.718,29.5,2.785
2018-08-19,32.8,-4.0,14.751,332.829,100.0,11.0,78.845,26.0,2.832
2018-08-26,34.5,-2.5,15.065,251.657,100.0,17.0,75.517,34.9,2.831
2018-09-02,35.8,-1.0,15.946,335.543,100.0,18.0,75.706,24.4,2.902
2018-09-09,34.6,-0.8,15.82,379.514,100.0,19.0,78.767,22.4,2.985
2018-09-16,35.8,1.1,16.897,362.314,100.0,11.0,76.776,25.7,2.934
2018-09-23,35.5,0.0,16.396,408.143,100.0,12.0,77.793,44.4,2.897
2018-09-30,36.8,0.5,16.645,314.657,100.0,8.0,76.995,32.9,2.931
2018-10-07,37.8,-2.0,16.872,348.857,100.0,10.1,77.342,32.8,3.099
2018-10-14,38.9,0.6,17.23,458.829,100.0,15.0,77.574,26.0,3.025
2018-10-21,36.4,1.1,17.972,566.114,100.0,8.0,77.058,32.0,2.983
2018-10-28,37.4,-0.2,18.193,488.6,100.0,20.0,76.075,31.2,2.84
2018-11-04,37.4,-2.9,18.27,339.971,100.0,16.0,74.383,26.2,3.002
2018-11-11,36.0,0.7,19.132,297.4,100.0,13.0,72.084,24.7,2.966
2018-11-18,37.1,1.4,19.636,314.429,100.0,13.0,72.211,32.0,3.1
2018-11-25,37.2,-2.8,19.664,260.457,100.0,11.0,69.55,23.4,2.874
2018-12-02,40.5,-1.7,20.333,294.4,100.0,12.0,70.821,27.3,3.057
2018-12-09,37.6,-1.2,20.387,239.429,100.0,13.0,70.864,22.6,2.981
2018-12-16,38.5,1.1,21.478,237.829,100.0,7.0,69.346,33.6,2.943
2018-12-23,40.9,1.5,21.167,394.743,100.0,13.0,73.273,32.3,3.078
2018-12-30,39.9,0.0,21.861,384.914,100.0,10.0,73.53,29.8,3.05
2019-01-06,39.4,0.5,18.652,434.886,100.0,15.0,76.794,26.7,2.896
2019-01-13,38.5,-0.3,18.263,273.086,100.0,13.0,75.434,29.2,2.826
2019-01-20,39.4,0.4,18.325,433.029,100.0,12.0,76.44,30.6,3.075
2019-01-27,39.8,1.1,19.127,424.057,100.0,12.0,76.459,40.8,2.938
2019-02-03,37.6,1.6,19.365,469.943,100.0,13.0,75.46,39.4,3.052
2019-02-10,38.8,2.9,19.433,389.314,100.0,15.0,73.781,37.2,2.933
2019-02-17,39.8,1.3,19.555,371.4,100.0,12.0,73.652,39.7,2.942
2019-02-24,38.4,1.8,20.05,363.171,100.0,12.0,72.286,25.3,2.863
2019-03-03,37.6,-0.8,20.175,322.829,100.0,12.0,71.422,25.6,2.966
2019-03-10,39.5,-0.4,20.344,383.057,100.0,11.0,72.203,27.4,2.887
2019-03-17,38.8,-0.2,20.555,363.314,100.0,12.0,73.585,29.1,2.971
2019-03-24,37.2,1.5,20.474,347.086,100.0,14.0,74.642,26.4,2.918
2019-03-31,39.6,0.5,21.131,329.6,100.0,13.0,73.713,42.8,2.813
2019-04-07,38.5,1.5,21.104,334.457,100.0,12.0,75.524,35.5,2.897
2019-04-14,38.5,1.2,21.557,392.057,100.0,13.0,75.474,24.6,2.804
2019-04-21,39.8,-0.6,21.253,431.886,100.0,12.0,77.495,37.2,2.775
2019-04-28,39.4,-6.0,20.975,393.743,100.0,17.0,77.482,34.3,2.75
2019-05-05,40.8,-9.8,20.765,336.857,100.0,11.0,77.431,49.8,2.692
2019-05-12,41.0,-6.1,20.85,375.8,100.0,13.0,77.035,23.4,2.73
2019-05-19,39.9,-4.2,20.601,368.943,100.0,14.0,77.063,23.4,2.664
2019-05-26,39.3,-7.3,20.738,317.971,100.0,12.0,77.511,36.1,2.684
2019-06-02,39.5,-3.6,19.9,356.857,100.0,15.0,77.554,24.0,2.674
2019-06-09,39.1,-1.5,20.166,302.686,100.0,15.0,77.073,43.4,2.65
2019-06-16,40.2,-1.4,19.318,334.314,100.0,14.0,77.976,35.3,2.562
2019-06-23,38.2,-1.9,19.447,320.029,100.0,22.0,77.86,29.1,2.719
2019-06-30,39.0,-1.2,19.414,328.429,100.0,17.0,78.036,23.4,2.579
2019-07-07,38.8,-4.5,18.561,345.429,100.0,14.0,76.922,32.4,2.788
2019-07-14,39.3,-2.4,18.7,365.143,100.0,18.0,77.031,27.4,2.713
2019-07-21,39.8,-3.4,18.381,331.771,100.0,14.0,77.193,29.3,2.654
2019-07-28,38.5,0.0,18.348,306.8,100.0,12.0,75.584,26.5,2.658
2019-08-04,37.2,-2.7,17.783,277.286,100.0,13.0,77.345,25.1,2.678
2019-08-11,37.3,0.3,17.719,345.2,100.0,13.0,77.821,27.8,2.608
2019-08-18,39.5,-1.7,17.101,303.971,100.0,11.0,77.226,21.1,2.678
2019-08-25,38.8,0.0,16.805,321.2,100.0,10.0,78.633,24.4,2.722
2019-09-01,40.1,-1.1,16.263,406.629,100.0,10.0,79.299,22.4,2.76
2019-09-08,40.4,-0.3,16.18,473.914,100.0,12.0,80.124,26.7,2.785
2019-09-15,38.3,-1.8,15.831,480.543,100.0,14.0,80.38,30.5,2.736
2019-09-22,38.2,-4.5,14.894,354.886,100.0,7.0,79.903,28.6,2.721
2019-09-29,39.4,-3.5,15.43,357.914,100.0,7.0,79.098,26.2,2.83
2019-10-06,37.6,-2.1,15.341,374.543,100.0,13.0,80.434,21.5,2.831
2019-10-13,38.7,-4.5,15.855,422.029,100.0,13.0,81.148,28.1,2.88
2019-10-20,37.6,-4.2,15.651,350.886,100.0,17.0,78.379,31.6,2.868
2019-10-27,38.4,-2.7,15.931,373.943,100.0,15.0,78.045,24.3,2.782
2019-11-03,37.5,-3.7,15.784,431.743,100.0,11.0,77.719,34.1,2.881
2019-11-10,38.6,-2.5,16.09,345.657,100.0,13.0,76.892,34.4,2.701
2019-11-17,37.2,-3.3,16.267,352.314,100.0,17.0,76.902,41.1,2.907
2019-11-24,37.7,-3.6,16.82,285.486,100.0,12.0,76.205,25.5,2.941
2019-12-01,40.1,-3.4,16.855,351.771,100.0,17.0,77.662,27.3,2.959
2019-12-08,36.7,-3.4,17.099,301.257,100.0,14.0,75.529,23.8,3.069
2019-12-15,37.4,-0.7,17.697,371.143,100.0,10.0,75.871,29.6,2.97
2019-12-22,35.4,-1.8,17.623,414.771,100.0,16.0,77.753,22.3,3.053
2019-12-29,37.1,-2.4,18.281,310.886,100.0,13.0,76.033,23.1,3.001
2020-01-05,36.2,-0.6,18.077,461.343,100.0,14.0,79.502,28.7,2.927
2020-01-12,36.4,-0.6,18.026,344.257,100.0,12.0,76.626,25.0,2.925
2020-01-19,39.7,1.1,18.663,441.629,100.0,14.0,77.311,30.6,2.997
2020-01-26,35.4,-2.4,18.567,430.657,100.0,13.0,77.022,35.0,2.923
2020-02-02,37.6,-4.2,18.909,428.057,100.0,13.0,76.957,40.8,3.025
2020-02-09,37.0,3.3,19.407,381.429,100.0,15.0,73.896,37.2,2.946
2020-02-16,40.2,0.7,19.705,382.857,100.0,12.0,74.561,28.8,2.955
2020-02-23,39.1,0.0,19.605,369.429,100.0,11.0,73.729,49.8,2.822
2020-03-01,39.6,2.2,20.21,363.514,100.0,10.0,73.218,25.6,2.92
2020-03-08,38.0,1.0,19.819,305.514,100.0,11.0,72.332,24.0,2.877
2020-03-15,41.7,-0.3,20.145,347.171,100.0,12.0,73.598,35.1,2.981
2020-03-22,39.9,-0.1,20.262,345.571,100.0,15.0,74.792,26.4,3.019
2020-03-29,38.7,-2.2,20.68,434.971,100.0,8.0,73.196,42.8,2.786
2020-04-05,40.2,-1.6,20.38,370.343,100.0,15.0,74.951,26.2,2.894
2020-04-12,39.6,0.3,20.434,481.086,100.0,14.0,76.033,25.4,2.893
2020-04-19,39.8,1.4,20.406,451.257,100.0,10.0,77.133,24.4,2.821
2020-04-26,38.7,1.7,20.761,323.486,100.0,14.0,77.032,24.5,2.895
2020-05-03,39.8,0.0,20.389,392.229,100.0,11.0,77.723,22.0,2.828
2020-05-10,38.3,0.1,20.509,335.314,100.0,12.0,76.674,25.8,2.833
2020-05-17,39.0,-3.0,20.321,405.029,100.0,18.0,77.231,23.4,2.868
2020-05-24,39.7,0.0,20.24,293.514,100.0,12.0,76.388,23.3,2.803
2020-05-31,38.0,-1.5,19.997,371.457,100.0,13.0,77.756,43.1,2.79
2020-06-07,40.8,-2.0,19.664,347.686,100.0,14.0,77.703,37.9,2.758
2020-06-14,41.0,-2.4,19.417,342.2,100.0,11.0,77.767,35.3,2.633
2020-06-21,39.9,-1.9,19.595,297.857,100.0,19.0,76.826,28.4,2.866
2020-06-28,38.0,-3.0,19.056,382.286,100.0,15.0,77.39,41.3,2.679
2020-07-05,39.5,-4.0,19.525,353.343,100.0,14.0,76.402,32.5,2.751
2020-07-12,37.3,0.1,18.776,467.514,100.0,14.0,77.627,29.8,2.871
2020-07-19,38.0,-3.2,18.62,331.257,100.0,11.0,76.129,44.8,2.761
2020-07-26,39.0,0.4,18.594,336.143,100.0,12.0,75.426,31.4,2.743
2020-08-02,37.2,-0.3,18.033,373.429,100.0,12.0,77.632,35.5,2.839
2020-08-09,37.4,-2.1,18.037,352.771,100.0,13.0,78.654,42.6,2.691
2020-08-16,37.6,-2.4,16.823,266.2,100.0,12.0,77.64,24.3,2.787
2020-08-23,39.8,-1.9,16.537,398.857,100.0,10.0,79.102,29.6,2.693
2020-08-30,36.4,-1.9,16.258,388.371,100.0,14.0,79.404,22.9,2.816
2020-09-06,35.6,-0.5,16.221,368.571,100.0,13.0,79.459,43.8,2.83
2020-09-13,36.2,-1.5,16.397,432.371,100.0,13.0,80.647,43.3,2.74
2020-09-20,36.4,-4.1,15.225,409.829,100.0,13.0,80.554,41.7,2.709
2020-09-27,37.2,-4.5,15.35,377.971,100.0,12.0,79.1,28.7,2.864
2020-10-04,36.5,-2.1,15.844,372.429,100.0,10.0,79.845,25.0,2.785
2020-10-11,36.3,-1.4,15.993,378.686,100.0,12.0,80.105,25.9,2.816
2020-10-18,36.4,-1.6,15.616,287.0,100.0,20.0,80.625,25.3,2.86
2020-10-25,39.1,-3.9,15.782,402.886,100.0,7.0,77.55,34.9,2.86
2020-11-01,38.5,-4.1,15.699,459.629,100.0,7.0,79.162,34.1,2.863
2020-11-08,36.8,-3.7,15.626,323.057,100.0,10.0,77.628,34.4,2.858
2020-11-15,39.5,-4.0,16.301,261.486,100.0,12.0,77.299,29.9,2.822
2020-11-22,38.5,-0.7,16.557,267.629,100.0,16.0,75.679,24.2,2.986
2020-11-29,39.1,-2.0,16.743,328.343,100.0,13.0,77.425,43.8,3.048
2020-12-06,40.1,-3.4,17.133,314.371,100.0,17.0,76.248,25.1,2.989
2020-12-13,40.4,-2.2,17.466,318.171,100.0,12.0,74.45,27.9,2.966
2020-12-20,38.7,-0.8,17.554,356.029,100.0,15.0,77.298,26.7,3.033
2020-12-27,39.9,-0.2,18.127,354.2,100.0,15.0,77.016,24.3,2.972
2021-01-03,39.3,-1.6,18.505,398.114,100.0,13.0,77.538,31.1,2.992
2021-01-10,37.6,-0.6,18.068,313.629,100.0,14.0,75.606,24.7,2.873
2021-01-17,39.7,1.1,18.779,364.914,100.0,12.0,75.65,25.8,2.907
2021-01-24,37.4,1.3,18.981,396.0,100.0,14.0,77.223,35.0,2.908
2021-01-31,36.8,1.3,19.173,485.286,100.0,14.0,77.48,26.4,2.954
2021-02-07,38.3,0.4,19.374,448.771,100.0,11.0,75.299,31.4,2.843
2021-02-14,37.6,-1.4,19.343,474.943,100.0,12.0,75.657,29.6,2.964
2021-02-21,37.1,-2.0,19.405,354.171,100.0,12.0,74.065,31.0,2.843
2021-02-28,37.6,-0.2,20.076,242.6,100.0,14.0,72.92,30.2,2.851
2021-03-07,39.8,-1.8,19.846,277.571,100.0,12.0,72.137,27.1,2.79
2021-03-14,40.6,-4.0,20.053,332.029,100.0,12.0,73.443,35.1,2.776
2021-03-21,37.1,0.1,19.909,305.543,100.0,12.0,75.325,24.2,2.878
2021-03-28,38.9,0.0,20.598,307.514,100.0,8.0,72.676,28.2,2.653
2021-04-04,38.1,0.9,20.312,344.6,100.0,11.0,75.446,26.4,2.886
2021-04-11,39.4,-1.1,20.613,344.457,100.0,14.0,75.899,24.1,2.778
2021-04-18,38.1,-2.1,20.412,456.057,100.0,12.0,76.606,24.5,2.715
2021-04-25,38.6,-4.9,20.414,387.686,100.0,16.0,78.339,24.5,2.733
2021-05-02,39.9,-0.8,20.604,416.286,100.0,10.0,77.832,23.5,2.688
2021-05-09,41.5,0.4,20.7,282.886,100.0,16.0,76.615,24.6,2.726
2021-05-16,42.0,-1.9,20.463,327.429,100.0,13.0,77.26,31.4,2.668
2021-05-23,41.0,-1.6,20.627,302.686,100.0,14.0,77.363,24.4,2.603
2021-05-30,40.5,0.5,20.125,367.029,100.0,18.0,77.805,44.4,2.623
2021-06-06,39.6,-2.9,19.974,365.4,100.0,10.0,78.027,37.9,2.711
2021-06-13,40.7,-3.4,19.972,346.343,100.0,12.0,79.158,27.1,2.578
2021-06-20,41.0,-1.8,19.342,387.343,100.0,12.0,77.134,20.2,2.705
2021-06-27,37.6,-4.9,19.165,323.371,100.0,14.0,77.149,41.3,2.625
2021-07-04,39.0,-1.0,18.686,341.057,100.0,15.0,78.165,34.9,2.756
2021-07-11,37.5,-3.6,18.397,422.6,100.0,16.0,78.176,26.7,2.701
2021-07-18,36.9,0.1,18.662,328.343,100.0,12.0,77.078,24.6,2.712
2021-07-25,38.4,-2.2,18.374,429.714,100.0,11.0,76.923,44.8,2.551
2021-08-01,37.9,-1.9,17.821,377.114,100.0,14.0,78.657,32.0,2.613
2021-08-08,40.0,-0.5,17.767,320.114,100.0,15.0,78.105,42.6,2.554
2021-08-15,38.2,-2.6,17.057,470.657,100.0,14.0,78.127,37.9,2.69
2021-08-22,38.0,-1.9,16.527,320.8,100.0,10.0,79.276,22.5,2.577
2021-08-29,38.7,-0.1,16.152,359.943,100.0,12.0,81.146,34.5,2.755
2021-09-05,38.9,-1.5,15.749,358.457,100.0,19.0,80.433,42.6,2.804
2021-09-12,37.2,-4.9,16.185,434.943,100.0,13.0,81.026,43.8,2.722
2021-09-19,37.5,-5.1,15.261,385.6,100.0,14.0,79.784,41.7,2.649
2021-09-26,37.1,-4.8,15.459,364.343,100.0,14.0,79.813,39.1,2.742
2021-10-03,37.4,-3.0,15.815,320.543,100.0,14.0,78.068,30.6,2.665
2021-10-10,37.6,-3.1,15.861,423.0,100.0,14.0,79.385,25.0,2.862
2021-10-17,38.2,-2.4,15.722,364.257,100.0,7.0,79.003,26.7,2.777
2021-10-24,39.8,-3.9,15.678,343.914,100.0,14.0,77.73,29.6,2.752
2021-10-31,37.2,-3.5,16.011,395.086,100.0,12.0,78.837,38.6,2.807
2021-11-07,36.7,-4.1,15.69,424.114,100.0,10.0,77.556,22.6,2.878
2021-11-14,39.8,-4.0,16.452,288.914,100.0,13.0,77.092,24.6,2.779
2021-11-21,38.2,-1.4,16.61,313.029,100.0,12.0,76.356,25.6,2.913
2021-11-28,39.1,-4.0,16.777,317.971,100.0,14.0,76.116,43.8,3.006
2021-12-05,39.6,-2.7,16.67,415.114,100.0,13.0,76.973,24.7,2.995
2021-12-12,38.2,-2.4,16.77,331.514,100.0,13.0,74.107,38.0,2.937
2021-12-19,41.7,-2.3,17.514,310.714,100.0,13.0,76.536,41.6,2.995
2021-12-26,39.9,-0.1,17.757,319.886,100.0,19.0,76.918,21.9,2.998
2022-01-02,37.7,-1.6,18.017,336.943,100.0,14.0,76.052,31.1,3.011
2022-01-09,40.2,-0.3,17.817,461.371,100.0,16.0,76.922,28.5,2.775
2022-01-16,37.4,0.0,18.322,387.343,100.0,13.0,75.664,25.8,2.834
2022-01-23,36.4,-0.2,18.262,394.429,100.0,14.0,76.174,26.1,2.896
2022-01-30,37.8,1.6,19.186,480.743,100.0,13.0,76.56,25.8,2.881
2022-02-06,37.5,1.1,19.379,495.914,100.0,11.0,75.209,39.4,2.763
2022-02-13,37.0,-2.9,19.561,448.714,100.0,10.0,75.032,29.6,2.881
2022-02-20,38.1,0.0,19.265,369.714,100.0,15.0,74.665,39.7,2.954
2022-02-27,40.1,-0.7,20.194,287.314,100.0,12.0,73.069,30.2,2.885
2022-03-06,38.8,-0.7,20.125,344.629,100.0,15.0,72.274,27.5,2.839
2022-03-13,38.8,0.3,20.128,354.714,100.0,13.0,73.014,26.2,2.881
2022-03-20,36.8,-3.2,20.531,354.543,100.0,14.0,74.295,29.1,2.75
2022-03-27,39.6,-0.1,20.646,317.6,100.0,14.0,73.033,23.3,2.709
2022-04-03,39.0,-2.2,20.648,326.571,100.0,10.0,74.476,29.0,2.809
2022-04-10,39.8,2.1,21.235,348.771,100.0,14.0,75.234,35.5,2.801
2022-04-17,39.3,0.9,21.163,390.114,100.0,12.0,76.082,37.2,2.652
2022-04-24,38.6,-2.6,20.791,399.6,100.0,16.0,76.46,25.0,2.574
2022-05-01,39.3,-1.4,20.817,455.086,100.0,10.0,76.847,34.3,2.593
2022-05-08,41.5,-2.1,20.516,343.714,100.0,15.0,76.448,34.4,2.589
2022-05-15,42.0,-1.9,20.66,299.8,100.0,12.0,76.824,23.4,2.618
2022-05-22,39.0,-1.4,20.787,357.086,100.0,13.0,76.924,24.5,2.425
2022-05-29,39.7,-5.1,20.665,315.314,100.0,17.0,76.705,44.4,2.496
2022-06-05,40.9,-4.5,20.313,371.086,100.0,10.0,77.194,24.6,2.731
2022-06-12,41.1,-3.5,20.018,385.857,100.0,12.0,78.491,43.4,2.493
2022-06-19,39.0,-0.5,19.91,335.457,100.0,16.0,76.601,27.9,2.594
2022-06-26,41.0,-2.5,19.715,355.314,100.0,14.0,77.319,30.2,2.439
2022-07-03,40.5,-1.4,19.205,338.829,100.0,17.0,77.717,23.1,2.608
2022-07-10,39.6,-1.9,18.709,363.743,100.0,15.0,78.108,26.7,2.646
2022-07-17,41.0,-1.7,18.487,345.086,100.0,12.0,77.666,24.6,2.554
2022-07-24,40.4,-1.9,18.764,276.343,100.0,14.0,75.674,25.4,2.546
2022-07-31,37.6,-0.5,17.891,401.8,100.0,17.0,77.476,22.4,2.577
2022-08-07,39.0,-3.5,17.749,310.257,100.0,14.0,77.273,39.8,2.409
2022-08-14,37.7,-3.4,17.247,434.6,100.0,16.0,77.588,37.9,2.585
2022-08-21,39.4,-6.0,16.681,373.229,100.0,15.0,79.594,29.1,2.486
2022-08-28,38.4,-9.8,16.51,413.257,100.0,10.0,80.138,34.5,2.663
2022-09-04,38.2,-2.2,15.66,416.914,100.0,19.0,80.922,27.3,2.715
2022-09-11,34.5,-0.7,15.456,551.229,100.0,11.0,82.459,23.6,2.56
2022-09-18,36.9,-7.3,15.371,372.714,100.0,12.0,80.721,30.5,2.588
2022-09-25,38.8,-4.8,15.184,321.686,100.0,17.0,80.409,28.6,2.61
2022-10-02,36.8,-3.0,15.803,286.057,100.0,16.0,78.463,30.6,2.6
2022-10-09,36.8,-3.0,15.675,422.629,100.0,14.0,80.496,28.1,2.85
2022-10-16,35.0,-4.5,15.769,444.829,100.0,16.0,80.053,30.1,2.691
2022-10-23,35.0,-4.5,15.439,332.657,100.0,15.0,76.862,31.6,2.766
2022-10-30,37.1,-3.5,16.071,417.743,100.0,12.0,79.165,23.4,2.724
2022-11-06,36.7,-3.7,15.168,397.571,100.0,12.0,78.636,38.6,2.804
2022-11-13,40.0,-2.5,16.094,315.229,100.0,7.0,77.082,41.1,2.783
2022-11-20,37.2,-3.6,16.25,344.6,100.0,7.0,77.039,23.2,2.858
2022-11-27,36.4,-4.0,16.574,333.286,100.0,18.0,77.271,30.4,2.932
2022-12-04,37.6,-2.7,16.801,340.6,100.0,13.0,77.636,35.4,3.004
2022-12-11,36.9,-2.4,17.023,318.714,100.0,18.0,75.406,25.6,2.987
2022-12-18,37.3,-2.3,18.063,423.171,100.0,10.0,76.466,41.6,3.035
2022-12-25,38.7,0.4,17.872,315.371,100.0,16.0,76.947,35.5,2.986
